<databaseChangeLog xmlns="http://www.liquibase.org/xml/ns/dbchangelog"
                   xmlns:xsi="http://www.w3.org/2001/XMLSchema-instance"
                   xsi:schemaLocation="http://www.liquibase.org/xml/ns/dbchangelog http://www.liquibase.org/xml/ns/dbchangelog/dbchangelog-3.8.xsd">

    <changeSet id="reservation_add_comments" author="alex">
        <addColumn tableName="Reservations" schemaName="public">
            <column name="comments" type="varchar(256)"/>
        </addColumn>
        <rollback>
            <dropColumn tableName="Reservations" schemaName="public">
                <column name="comments" />
            </dropColumn>
        </rollback>
    </changeSet>
</databaseChangeLog>